CookerStat, GenerateAssetRegistry=0.043388, Initialize=0.200607, RunGuid=RunID7147BFC44A29325D95E3D094F7456E79
DDCTransactionId806D7FBC402081AF1F7011B49FA20DB8_0, PutCachedData=, CacheKey=PhysX_1D9C17C451EA4FB88CB7A27536A65DB0_PhysXPC_5380114C42D340D1B4BBDBA5A1595A7__BA4E22589D189E17423137DE847D0574053676F8, StartTime=2016.04.02-08.54.46, HierarchicalDDC=, DataSize=840, Duration=6.763306, RunGuid=RunID7147BFC44A29325D95E3D094F7456E79
SavePackageTransactionId42DF219444763E4AD2DA4B999A6FE985_0, Filename=../../../../../../Users/danilo/Documents/Unreal Projects/EndlessRunner/Content/StarterContent/Architecture/Floor_400x400.uasset, AutoPackageBackupDelegate=5.213957, FlushAsyncLoading=0.012595, FlushStreamingFunc=0.052251, BlockTillAllRequestsFinished=0.035923, ResetLoadersForSaveUnMarkAllObjects=0.372760, TagPackageExports=0.043388, BeginCacheForCookedPlatformData=0.001397, SerializeImports=0.797771, GatherLocalizableTextData=0.235599, MarkNames=0.028457, SerializeSummary=0.018194, SerializeNames=0.080712, SerializeGatherableTextData=0.001863, BuildExportMap=0.029858, SortExportsNonSeekfree=0.013996, SortExportsSeekfreeConstructor=0.108704, SortExportsSeekfreeInner=1.192920, SortExportsSeekfree=0.004664, BuildDependencyMap=0.049919, SerializeImportMap=0.020061, SerializeExportMap=0.012130, SerializeDependencyMap=0.002336, SerializeStringAssetReferenceMap=0.002798, SaveThumbNailsAssetRegistryDataWorldLevelInfo=14.331847, SerializeExports=0.513185, SerializeBulkData=0.065316, MoveFile=7.998217, UnaccountedTime=5.427159, RunGuid=RunID7147BFC44A29325D95E3D094F7456E79
DDCTransactionIdA18AF31E45D34FCE8E81C99295ADF7DE_0, BuildTexture=, CacheKey=TEXTURE_814DCC3DC72143F49509781513CB9855_AutoDXT_3D9DF5394695F7124FAF65908374C968_07_0000803F0000803F0000803F000000000000803F00000000000000000000803F00000000000000000200000001000300000000000101000000040000803FFFFFFFFF00000000FF00FF00FFFF8180803B, StartTime=2016.04.02-08.54.48, Duration=451.686005, RunGuid=RunID7147BFC44A29325D95E3D094F7456E79
DDCTransactionId806D7FBC402081AF1F7011B49FA20DB8_1, PutCachedData=, CacheKey=TEXTURE_814DCC3DC72143F49509781513CB9855_AutoDXT_3D9DF5394695F7124FAF65908374C__F79118E6F30CD645ED13CCACDE18506EDDF2AAA7, StartTime=2016.04.02-08.54.48, HierarchicalDDC=, DataSize=131335, Duration=7.521886, RunGuid=RunID7147BFC44A29325D95E3D094F7456E79
DDCTransactionId806D7FBC402081AF1F7011B49FA20DB8_2, PutCachedData=, CacheKey=TEXTURE_814DCC3DC72143F49509781513CB9855_AutoDXT_3D9DF5394695F7124FAF65908374C__D9BCE034B54501B31E1268E47E4A9A15D33D5424, StartTime=2016.04.02-08.54.48, HierarchicalDDC=, DataSize=33031, Duration=129.030487, RunGuid=RunID7147BFC44A29325D95E3D094F7456E79
DDCTransactionIdA18AF31E45D34FCE8E81C99295ADF7DE_1, BuildTexture=, CacheKey=TEXTURE_814DCC3DC72143F49509781513CB9855_BC5_660726A047C2927550383F8D31513001_07_0000803F0000803F0000803F000000000000803F00000000000000000000803F00000000000000000200000001000000000000000100000000040000803FFFFFFFFF00000000FF00FF00FFFF8180803B, StartTime=2016.04.02-08.54.48, Duration=72.829300, RunGuid=RunID7147BFC44A29325D95E3D094F7456E79
DDCTransactionIdA18AF31E45D34FCE8E81C99295ADF7DE_2, BuildTexture=, CacheKey=TEXTURE_814DCC3DC72143F49509781513CB9855_AutoDXT_C25F0AA4434FAD95C399DCB32877CF9E_07_0000803F0000803F0000803F000000000000803F00000000000000000000803F00000000000000000200000001000300000000000101000000040000803FFFFFFFFF00000000FF00FF00FFFF8180803B, StartTime=2016.04.02-08.54.48, Duration=340.540466, RunGuid=RunID7147BFC44A29325D95E3D094F7456E79
DDCTransactionId806D7FBC402081AF1F7011B49FA20DB8_3, PutCachedData=, CacheKey=TEXTURE_814DCC3DC72143F49509781513CB9855_AutoDXT_3D9DF5394695F7124FAF65908374C__8D74DBB4A0FC52B1E60DDF306B3B6D5AD8928B38, StartTime=2016.04.02-08.54.48, HierarchicalDDC=, DataSize=8455, Duration=8.829575, RunGuid=RunID7147BFC44A29325D95E3D094F7456E79
DDCTransactionId806D7FBC402081AF1F7011B49FA20DB8_4, PutCachedData=, CacheKey=TEXTURE_814DCC3DC72143F49509781513CB9855_AutoDXT_3D9DF5394695F7124FAF65908374C__1048758D1A9E930E3BE15FAD74367A7AD7306A1B, StartTime=2016.04.02-08.54.48, HierarchicalDDC=, DataSize=4155, Duration=6.514177, RunGuid=RunID7147BFC44A29325D95E3D094F7456E79
DDCTransactionId806D7FBC402081AF1F7011B49FA20DB8_5, PutCachedData=, CacheKey=TEXTURE_814DCC3DC72143F49509781513CB9855_BC5_660726A047C2927550383F8D31513001___E4261310C6827BE0699E0E38E182C3B841FFD2EB, StartTime=2016.04.02-08.54.48, HierarchicalDDC=, DataSize=262403, Duration=8.262738, RunGuid=RunID7147BFC44A29325D95E3D094F7456E79
DDCTransactionId806D7FBC402081AF1F7011B49FA20DB8_6, PutCachedData=, CacheKey=TEXTURE_814DCC3DC72143F49509781513CB9855_BC5_660726A047C2927550383F8D31513001___8840DF5883E6EC5500D3350FB12B05898FBAE0C5, StartTime=2016.04.02-08.54.48, HierarchicalDDC=, DataSize=65795, Duration=6.959249, RunGuid=RunID7147BFC44A29325D95E3D094F7456E79
DDCTransactionId806D7FBC402081AF1F7011B49FA20DB8_7, PutCachedData=, CacheKey=TEXTURE_814DCC3DC72143F49509781513CB9855_BC5_660726A047C2927550383F8D31513001___656A5593B9A79465290398ABD19F32BF841D32E1, StartTime=2016.04.02-08.54.48, HierarchicalDDC=, DataSize=16643, Duration=6.461929, RunGuid=RunID7147BFC44A29325D95E3D094F7456E79
DDCTransactionId806D7FBC402081AF1F7011B49FA20DB8_8, PutCachedData=, CacheKey=TEXTURE_814DCC3DC72143F49509781513CB9855_BC5_660726A047C2927550383F8D31513001___CF70F1551B9B3BAA91EF94E1C1B6B6F013D72556, StartTime=2016.04.02-08.54.48, HierarchicalDDC=, DataSize=6882, Duration=8.039269, RunGuid=RunID7147BFC44A29325D95E3D094F7456E79
DDCTransactionId806D7FBC402081AF1F7011B49FA20DB8_9, PutCachedData=, CacheKey=TEXTURE_814DCC3DC72143F49509781513CB9855_AutoDXT_C25F0AA4434FAD95C399DCB32877C__F9C48EB226BBE8678412D2FA9F8F6414C0AF8240, StartTime=2016.04.02-08.54.49, HierarchicalDDC=, DataSize=131335, Duration=7.932901, RunGuid=RunID7147BFC44A29325D95E3D094F7456E79
DDCTransactionId806D7FBC402081AF1F7011B49FA20DB8_10, PutCachedData=, CacheKey=TEXTURE_814DCC3DC72143F49509781513CB9855_AutoDXT_C25F0AA4434FAD95C399DCB32877C__1EDF00FCB9562E717B43F900063C2EC891004D4F, StartTime=2016.04.02-08.54.49, HierarchicalDDC=, DataSize=33031, Duration=7.523753, RunGuid=RunID7147BFC44A29325D95E3D094F7456E79
DDCTransactionId806D7FBC402081AF1F7011B49FA20DB8_11, PutCachedData=, CacheKey=TEXTURE_814DCC3DC72143F49509781513CB9855_AutoDXT_C25F0AA4434FAD95C399DCB32877C__280A88EACD9BCBBE505626E96B2A7B43B3526266, StartTime=2016.04.02-08.54.49, HierarchicalDDC=, DataSize=8455, Duration=8.187630, RunGuid=RunID7147BFC44A29325D95E3D094F7456E79
DDCTransactionIdA18AF31E45D34FCE8E81C99295ADF7DE_3, BuildTexture=, CacheKey=TEXTURE_814DCC3DC72143F49509781513CB9855_BC5_DF45889644371608E2E167A00D0E9612_07_0000803F0000803F0000803F000000000000803F00000000000000000000803F00000000000000000200000001000000000000000100000000040000803FFFFFFFFF00000000FF00FF00FFFF8180803B, StartTime=2016.04.02-08.54.49, Duration=62.940228, RunGuid=RunID7147BFC44A29325D95E3D094F7456E79
DDCTransactionId806D7FBC402081AF1F7011B49FA20DB8_12, PutCachedData=, CacheKey=TEXTURE_814DCC3DC72143F49509781513CB9855_AutoDXT_C25F0AA4434FAD95C399DCB32877C__3C5BFA81A17D8CFE09D86A05346BFF1F1568772B, StartTime=2016.04.02-08.54.49, HierarchicalDDC=, DataSize=4155, Duration=6.241724, RunGuid=RunID7147BFC44A29325D95E3D094F7456E79
DDCTransactionId806D7FBC402081AF1F7011B49FA20DB8_13, PutCachedData=, CacheKey=TEXTURE_814DCC3DC72143F49509781513CB9855_BC5_DF45889644371608E2E167A00D0E9612___443B7C5B121406914003AD4942611D4E7AB0E6B6, StartTime=2016.04.02-08.54.49, HierarchicalDDC=, DataSize=262403, Duration=73.418999, RunGuid=RunID7147BFC44A29325D95E3D094F7456E79
DDCTransactionIdA18AF31E45D34FCE8E81C99295ADF7DE_4, BuildTexture=, CacheKey=TEXTURE_814DCC3DC72143F49509781513CB9855_AutoDXT_175FFFF34B3800668E3E95AD8254F9FF_07_0000803F0000803F0000803F000000000000803F00000000000000000000803F00000000000000000200000001000000000000000101000000040000803FFFFFFFFF00000000FF00FF00FFFF8180803B, StartTime=2016.04.02-08.54.49, Duration=184.503876, RunGuid=RunID7147BFC44A29325D95E3D094F7456E79
DDCTransactionId806D7FBC402081AF1F7011B49FA20DB8_14, PutCachedData=, CacheKey=TEXTURE_814DCC3DC72143F49509781513CB9855_BC5_DF45889644371608E2E167A00D0E9612___B9B78E453C5A2D47BC10970C4EE4FB7BA7A1EFE0, StartTime=2016.04.02-08.54.49, HierarchicalDDC=, DataSize=65795, Duration=5.440224, RunGuid=RunID7147BFC44A29325D95E3D094F7456E79
DDCTransactionId806D7FBC402081AF1F7011B49FA20DB8_15, PutCachedData=, CacheKey=TEXTURE_814DCC3DC72143F49509781513CB9855_BC5_DF45889644371608E2E167A00D0E9612___EF451734771F1E7FD2C45DBFD0445135812CF3B5, StartTime=2016.04.02-08.54.49, HierarchicalDDC=, DataSize=16643, Duration=6.097566, RunGuid=RunID7147BFC44A29325D95E3D094F7456E79
DDCTransactionId806D7FBC402081AF1F7011B49FA20DB8_16, PutCachedData=, CacheKey=TEXTURE_814DCC3DC72143F49509781513CB9855_BC5_DF45889644371608E2E167A00D0E9612___DF2A58CA17E68A9DB2FAE8BE60FCFA7DA2120DF0, StartTime=2016.04.02-08.54.49, HierarchicalDDC=, DataSize=6882, Duration=7.049289, RunGuid=RunID7147BFC44A29325D95E3D094F7456E79
DDCTransactionId806D7FBC402081AF1F7011B49FA20DB8_17, PutCachedData=, CacheKey=TEXTURE_814DCC3DC72143F49509781513CB9855_AutoDXT_175FFFF34B3800668E3E95AD8254F__07A88AF74FC1E73AB09610F8C968130817CECAC3, StartTime=2016.04.02-08.54.49, HierarchicalDDC=, DataSize=524553, Duration=9.190671, RunGuid=RunID7147BFC44A29325D95E3D094F7456E79
DDCTransactionId806D7FBC402081AF1F7011B49FA20DB8_18, PutCachedData=, CacheKey=TEXTURE_814DCC3DC72143F49509781513CB9855_AutoDXT_175FFFF34B3800668E3E95AD8254F__36D14B777ED17E3D5FC75B48AED96537AE53896D, StartTime=2016.04.02-08.54.49, HierarchicalDDC=, DataSize=131335, Duration=6.087303, RunGuid=RunID7147BFC44A29325D95E3D094F7456E79
DDCTransactionId806D7FBC402081AF1F7011B49FA20DB8_19, PutCachedData=, CacheKey=TEXTURE_814DCC3DC72143F49509781513CB9855_AutoDXT_175FFFF34B3800668E3E95AD8254F__60DD8B40791EDDF0CEA9C6EA24FB368B50CCE7B2, StartTime=2016.04.02-08.54.49, HierarchicalDDC=, DataSize=33031, Duration=5.676288, RunGuid=RunID7147BFC44A29325D95E3D094F7456E79
DDCTransactionId806D7FBC402081AF1F7011B49FA20DB8_20, PutCachedData=, CacheKey=TEXTURE_814DCC3DC72143F49509781513CB9855_AutoDXT_175FFFF34B3800668E3E95AD8254F__54360FB6FDE14A1E68B0C73A350C5AF456C27A04, StartTime=2016.04.02-08.54.49, HierarchicalDDC=, DataSize=8455, Duration=8.110650, RunGuid=RunID7147BFC44A29325D95E3D094F7456E79
DDCTransactionId806D7FBC402081AF1F7011B49FA20DB8_21, PutCachedData=, CacheKey=TEXTURE_814DCC3DC72143F49509781513CB9855_AutoDXT_175FFFF34B3800668E3E95AD8254F__93E5E5D4F615EF636436CEFD35B5A384CC018943, StartTime=2016.04.02-08.54.49, HierarchicalDDC=, DataSize=4452, Duration=9.921726, RunGuid=RunID7147BFC44A29325D95E3D094F7456E79
DDCTransactionIdA18AF31E45D34FCE8E81C99295ADF7DE_5, BuildTexture=, CacheKey=TEXTURE_814DCC3DC72143F49509781513CB9855_BC5_550B17DD4E4B41095ADB0B9395D1461E_07_0000803F0000803F0000803F000000000000803F00000000000000000000803F00000000000000000200000001000000000000000100000000040000803FFFFFFFFF00000000FF00FF00FFFF8180803B, StartTime=2016.04.02-08.54.49, Duration=1072.984131, RunGuid=RunID7147BFC44A29325D95E3D094F7456E79
DDCTransactionId806D7FBC402081AF1F7011B49FA20DB8_22, PutCachedData=, CacheKey=TEXTURE_814DCC3DC72143F49509781513CB9855_BC5_550B17DD4E4B41095ADB0B9395D1461E___28D98B9BACB0D754935FE389E58534CB52AB6BFA, StartTime=2016.04.02-08.54.50, HierarchicalDDC=, DataSize=4194565, Duration=19.080673, RunGuid=RunID7147BFC44A29325D95E3D094F7456E79
DDCTransactionId806D7FBC402081AF1F7011B49FA20DB8_23, PutCachedData=, CacheKey=TEXTURE_814DCC3DC72143F49509781513CB9855_BC5_550B17DD4E4B41095ADB0B9395D1461E___9E48D523BD074D32C26379ECA6F407E7B68CFEF9, StartTime=2016.04.02-08.54.50, HierarchicalDDC=, DataSize=1048837, Duration=12.807224, RunGuid=RunID7147BFC44A29325D95E3D094F7456E79
DDCTransactionIdA18AF31E45D34FCE8E81C99295ADF7DE_6, BuildTexture=, CacheKey=TEXTURE_814DCC3DC72143F49509781513CB9855_AutoDXT_49EBE4F9430B027F3639729C4CE028A7_07_0000803F0000803F0000803F000000000000803F00000000000000000000803F00000000000000000200000001000000000000000101000000040000803FFFFFFFFF00000000FF00FF00FFFF8180803B, StartTime=2016.04.02-08.54.50, Duration=111.252365, RunGuid=RunID7147BFC44A29325D95E3D094F7456E79
DDCTransactionId806D7FBC402081AF1F7011B49FA20DB8_24, PutCachedData=, CacheKey=TEXTURE_814DCC3DC72143F49509781513CB9855_BC5_550B17DD4E4B41095ADB0B9395D1461E___E972E517DD60D95E1C46DFC4007337E93E155A8C, StartTime=2016.04.02-08.54.50, HierarchicalDDC=, DataSize=262403, Duration=6.170813, RunGuid=RunID7147BFC44A29325D95E3D094F7456E79
DDCTransactionId806D7FBC402081AF1F7011B49FA20DB8_25, PutCachedData=, CacheKey=TEXTURE_814DCC3DC72143F49509781513CB9855_BC5_550B17DD4E4B41095ADB0B9395D1461E___F6B3843AA2C3552BF9BB3A9EC0F3D6FD4CAACDF1, StartTime=2016.04.02-08.54.50, HierarchicalDDC=, DataSize=65795, Duration=14.711138, RunGuid=RunID7147BFC44A29325D95E3D094F7456E79
DDCTransactionId806D7FBC402081AF1F7011B49FA20DB8_26, PutCachedData=, CacheKey=TEXTURE_814DCC3DC72143F49509781513CB9855_BC5_550B17DD4E4B41095ADB0B9395D1461E___7C98BD541A8AEDBB90702D519DD62E0FECD22B3B, StartTime=2016.04.02-08.54.50, HierarchicalDDC=, DataSize=16643, Duration=23.611158, RunGuid=RunID7147BFC44A29325D95E3D094F7456E79
DDCTransactionId806D7FBC402081AF1F7011B49FA20DB8_27, PutCachedData=, CacheKey=TEXTURE_814DCC3DC72143F49509781513CB9855_BC5_550B17DD4E4B41095ADB0B9395D1461E___6773721C977F58677E206A77EB5EB90606B07256, StartTime=2016.04.02-08.54.50, HierarchicalDDC=, DataSize=7468, Duration=7.740226, RunGuid=RunID7147BFC44A29325D95E3D094F7456E79
DDCTransactionId806D7FBC402081AF1F7011B49FA20DB8_28, PutCachedData=, CacheKey=TEXTURE_814DCC3DC72143F49509781513CB9855_AutoDXT_49EBE4F9430B027F3639729C4CE02__4EE83C895828B45CA36D4968CBC323543A9A22B2, StartTime=2016.04.02-08.54.50, HierarchicalDDC=, DataSize=262407, Duration=7.163126, RunGuid=RunID7147BFC44A29325D95E3D094F7456E79
DDCTransactionId806D7FBC402081AF1F7011B49FA20DB8_29, PutCachedData=, CacheKey=TEXTURE_814DCC3DC72143F49509781513CB9855_AutoDXT_49EBE4F9430B027F3639729C4CE02__349CA13B15B01E106858DDDD0E3E3396DA218D6D, StartTime=2016.04.02-08.54.50, HierarchicalDDC=, DataSize=65799, Duration=6.127425, RunGuid=RunID7147BFC44A29325D95E3D094F7456E79
DDCTransactionId806D7FBC402081AF1F7011B49FA20DB8_30, PutCachedData=, CacheKey=TEXTURE_814DCC3DC72143F49509781513CB9855_AutoDXT_49EBE4F9430B027F3639729C4CE02__AC9285A4DAFDC0716DEF13130A9B06B3FE11A1AD, StartTime=2016.04.02-08.54.50, HierarchicalDDC=, DataSize=16647, Duration=6.304242, RunGuid=RunID7147BFC44A29325D95E3D094F7456E79
DDCTransactionId806D7FBC402081AF1F7011B49FA20DB8_31, PutCachedData=, CacheKey=TEXTURE_814DCC3DC72143F49509781513CB9855_AutoDXT_49EBE4F9430B027F3639729C4CE02__6569745CA631A9E5DFDCBA9FC53A8671E25127CD, StartTime=2016.04.02-08.54.50, HierarchicalDDC=, DataSize=6899, Duration=7.543348, RunGuid=RunID7147BFC44A29325D95E3D094F7456E79
DDCTransactionIdA18AF31E45D34FCE8E81C99295ADF7DE_7, BuildTexture=, CacheKey=TEXTURE_814DCC3DC72143F49509781513CB9855_BC5_9D79806F4FC0A8F037E5F6AFD2EE46E8_07_0000803F0000803F0000803F000000000000803F00000000000000000000803F00000000000000000200000001000000000000000100000000040000803FFFFFFFFF00000000FF00FF00FFFF8180803B, StartTime=2016.04.02-08.54.50, Duration=52.529110, RunGuid=RunID7147BFC44A29325D95E3D094F7456E79
DDCTransactionId806D7FBC402081AF1F7011B49FA20DB8_32, PutCachedData=, CacheKey=TEXTURE_814DCC3DC72143F49509781513CB9855_BC5_9D79806F4FC0A8F037E5F6AFD2EE46E8___22817D37760A7F9C8F40F845F65CB9EC772EBB0F, StartTime=2016.04.02-08.54.50, HierarchicalDDC=, DataSize=262403, Duration=29.427876, RunGuid=RunID7147BFC44A29325D95E3D094F7456E79
DDCTransactionId806D7FBC402081AF1F7011B49FA20DB8_33, PutCachedData=, CacheKey=TEXTURE_814DCC3DC72143F49509781513CB9855_BC5_9D79806F4FC0A8F037E5F6AFD2EE46E8___4F34334FA6A9D9F791DB345AD97BBCBD69A1192B, StartTime=2016.04.02-08.54.50, HierarchicalDDC=, DataSize=65795, Duration=9.687528, RunGuid=RunID7147BFC44A29325D95E3D094F7456E79
DDCTransactionId806D7FBC402081AF1F7011B49FA20DB8_34, PutCachedData=, CacheKey=TEXTURE_814DCC3DC72143F49509781513CB9855_BC5_9D79806F4FC0A8F037E5F6AFD2EE46E8___F709916AAEE2E75162D4B5C090FCD68C14DACFED, StartTime=2016.04.02-08.54.50, HierarchicalDDC=, DataSize=16643, Duration=51.144447, RunGuid=RunID7147BFC44A29325D95E3D094F7456E79
DDCTransactionId806D7FBC402081AF1F7011B49FA20DB8_35, PutCachedData=, CacheKey=TEXTURE_814DCC3DC72143F49509781513CB9855_BC5_9D79806F4FC0A8F037E5F6AFD2EE46E8___16038ABA287E49944BE289986A4BB06926AA464A, StartTime=2016.04.02-08.54.51, HierarchicalDDC=, DataSize=6882, Duration=62.772282, RunGuid=RunID7147BFC44A29325D95E3D094F7456E79
DDCTransactionIdA18AF31E45D34FCE8E81C99295ADF7DE_8, BuildTexture=, CacheKey=TEXTURE_814DCC3DC72143F49509781513CB9855_AutoDXT_704822B64E07281B97CD85AE308F54B1_07_0000803F0000803F0000803F000000000000803F00000000000000000000803F0000000000000000020000000E000000000000000101000000040000803FFFFFFFFF00000000FF00FF00FFFF8180803B, StartTime=2016.04.02-08.54.51, Duration=658.539551, RunGuid=RunID7147BFC44A29325D95E3D094F7456E79
DDCTransactionId806D7FBC402081AF1F7011B49FA20DB8_36, PutCachedData=, CacheKey=TEXTURE_814DCC3DC72143F49509781513CB9855_AutoDXT_704822B64E07281B97CD85AE308F5__374A23A8D8F650C5E321968436051EAE25B123A1, StartTime=2016.04.02-08.54.52, HierarchicalDDC=, DataSize=1048841, Duration=8.076593, RunGuid=RunID7147BFC44A29325D95E3D094F7456E79
DDCTransactionId806D7FBC402081AF1F7011B49FA20DB8_37, PutCachedData=, CacheKey=TEXTURE_814DCC3DC72143F49509781513CB9855_AutoDXT_704822B64E07281B97CD85AE308F5__8295B2039BC8BB35126603933A168F0EB0C1EDC6, StartTime=2016.04.02-08.54.52, HierarchicalDDC=, DataSize=262407, Duration=7.185519, RunGuid=RunID7147BFC44A29325D95E3D094F7456E79
DDCTransactionId806D7FBC402081AF1F7011B49FA20DB8_38, PutCachedData=, CacheKey=TEXTURE_814DCC3DC72143F49509781513CB9855_AutoDXT_704822B64E07281B97CD85AE308F5__98A5A46A65B27FF825AB03E63388B6C0704CA746, StartTime=2016.04.02-08.54.52, HierarchicalDDC=, DataSize=65799, Duration=6.981179, RunGuid=RunID7147BFC44A29325D95E3D094F7456E79
DDCTransactionId806D7FBC402081AF1F7011B49FA20DB8_39, PutCachedData=, CacheKey=TEXTURE_814DCC3DC72143F49509781513CB9855_AutoDXT_704822B64E07281B97CD85AE308F5__9F7ABAB7FECA6BD8C83DD67A7A3B37158A50E03D, StartTime=2016.04.02-08.54.52, HierarchicalDDC=, DataSize=16647, Duration=7.441644, RunGuid=RunID7147BFC44A29325D95E3D094F7456E79
DDCTransactionIdA18AF31E45D34FCE8E81C99295ADF7DE_9, BuildTexture=, CacheKey=TEXTURE_814DCC3DC72143F49509781513CB9855_AutoDXT_16A317334847B7C7B03BC187D7105222_07_0000803F0000803F0000803F000000000000803F00000000000000000000803F0000000000000000020000000E000000000000000101000000040000803FFFFFFFFF00000000FF00FF00FFFF8180803B, StartTime=2016.04.02-08.54.52, Duration=412.600464, RunGuid=RunID7147BFC44A29325D95E3D094F7456E79
DDCTransactionId806D7FBC402081AF1F7011B49FA20DB8_40, PutCachedData=, CacheKey=TEXTURE_814DCC3DC72143F49509781513CB9855_AutoDXT_704822B64E07281B97CD85AE308F5__12C72EDCC38BAC9F9148804F8DA454B945814C29, StartTime=2016.04.02-08.54.52, HierarchicalDDC=, DataSize=7196, Duration=6.900936, RunGuid=RunID7147BFC44A29325D95E3D094F7456E79
DDCTransactionId806D7FBC402081AF1F7011B49FA20DB8_41, PutCachedData=, CacheKey=TEXTURE_814DCC3DC72143F49509781513CB9855_AutoDXT_16A317334847B7C7B03BC187D7105__7740E21437EE5C697EBA2021B13A943B0C436F51, StartTime=2016.04.02-08.54.52, HierarchicalDDC=, DataSize=1048841, Duration=9.711787, RunGuid=RunID7147BFC44A29325D95E3D094F7456E79
DDCTransactionIdA18AF31E45D34FCE8E81C99295ADF7DE_10, BuildTexture=, CacheKey=TEXTURE_814DCC3DC72143F49509781513CB9855_AutoDXT_7AE579164704BE34FDB17B86C7A4B022_07_0000803F0000803F0000803F000000000000803F00000000000000000000803F0000000000000000020000000E000000000000000101000000040000803FFFFFFFFF00000000FF00FF00FFFF8180803B, StartTime=2016.04.02-08.54.52, Duration=75.852890, RunGuid=RunID7147BFC44A29325D95E3D094F7456E79
DDCTransactionId806D7FBC402081AF1F7011B49FA20DB8_42, PutCachedData=, CacheKey=TEXTURE_814DCC3DC72143F49509781513CB9855_AutoDXT_16A317334847B7C7B03BC187D7105__95D938E4762BE3F8513401F59B022A892EA44AB2, StartTime=2016.04.02-08.54.52, HierarchicalDDC=, DataSize=262407, Duration=14.203552, RunGuid=RunID7147BFC44A29325D95E3D094F7456E79
DDCTransactionId806D7FBC402081AF1F7011B49FA20DB8_43, PutCachedData=, CacheKey=TEXTURE_814DCC3DC72143F49509781513CB9855_AutoDXT_16A317334847B7C7B03BC187D7105__8DBD496412C8D0E4CA849531EFB72D638F9CF99B, StartTime=2016.04.02-08.54.52, HierarchicalDDC=, DataSize=65799, Duration=6.543104, RunGuid=RunID7147BFC44A29325D95E3D094F7456E79
DDCTransactionId806D7FBC402081AF1F7011B49FA20DB8_44, PutCachedData=, CacheKey=TEXTURE_814DCC3DC72143F49509781513CB9855_AutoDXT_16A317334847B7C7B03BC187D7105__023EEF70C62A64787AFECA59500473465BBC9006, StartTime=2016.04.02-08.54.52, HierarchicalDDC=, DataSize=16647, Duration=7.820465, RunGuid=RunID7147BFC44A29325D95E3D094F7456E79
DDCTransactionId806D7FBC402081AF1F7011B49FA20DB8_45, PutCachedData=, CacheKey=TEXTURE_814DCC3DC72143F49509781513CB9855_AutoDXT_16A317334847B7C7B03BC187D7105__668082BB9C10B4ADEF2B11D1ACAE72B0538DB6D4, StartTime=2016.04.02-08.54.52, HierarchicalDDC=, DataSize=7196, Duration=9.030186, RunGuid=RunID7147BFC44A29325D95E3D094F7456E79
DDCTransactionId806D7FBC402081AF1F7011B49FA20DB8_46, PutCachedData=, CacheKey=TEXTURE_814DCC3DC72143F49509781513CB9855_AutoDXT_7AE579164704BE34FDB17B86C7A4B__FA1EDA667C22C731ACBACBE44BF6690827A6068D, StartTime=2016.04.02-08.54.52, HierarchicalDDC=, DataSize=262407, Duration=8.080791, RunGuid=RunID7147BFC44A29325D95E3D094F7456E79
DDCTransactionIdA18AF31E45D34FCE8E81C99295ADF7DE_11, BuildTexture=, CacheKey=TEXTURE_814DCC3DC72143F49509781513CB9855_AutoDXT_CA00D32B463E02C2DEB81C975D6C3609_07_0000803F0000803F0000803F000000000000803F00000000000000000000803F0000000000000000020000000E000000000000000101000000040000803FFFFFFFFF00000000FF00FF00FFFF8180803B, StartTime=2016.04.02-08.54.52, Duration=94.465164, RunGuid=RunID7147BFC44A29325D95E3D094F7456E79
DDCTransactionId806D7FBC402081AF1F7011B49FA20DB8_47, PutCachedData=, CacheKey=TEXTURE_814DCC3DC72143F49509781513CB9855_AutoDXT_7AE579164704BE34FDB17B86C7A4B__3BEE65FDB0375A3A9232764D2D60FBADD9FE828B, StartTime=2016.04.02-08.54.52, HierarchicalDDC=, DataSize=65799, Duration=87.067375, RunGuid=RunID7147BFC44A29325D95E3D094F7456E79
DDCTransactionId806D7FBC402081AF1F7011B49FA20DB8_48, PutCachedData=, CacheKey=TEXTURE_814DCC3DC72143F49509781513CB9855_AutoDXT_7AE579164704BE34FDB17B86C7A4B__4A4E9CC9B1D97372A6122E5708591D8A3D214905, StartTime=2016.04.02-08.54.52, HierarchicalDDC=, DataSize=16647, Duration=10.896776, RunGuid=RunID7147BFC44A29325D95E3D094F7456E79
DDCTransactionIdA18AF31E45D34FCE8E81C99295ADF7DE_12, BuildTexture=, CacheKey=TEXTURE_814DCC3DC72143F49509781513CB9855_AutoDXT_9C3C2F53469AC5DDB6E75B8DE1CCE0D0_07_0000803F0000803F0000803F000000000000803F00000000000000000000803F0000000000000000020000000E000000000000000101000000040000803FFFFFFFFF00000000FF00FF00FFFF8180803B, StartTime=2016.04.02-08.54.52, Duration=72.492928, RunGuid=RunID7147BFC44A29325D95E3D094F7456E79
DDCTransactionId806D7FBC402081AF1F7011B49FA20DB8_49, PutCachedData=, CacheKey=TEXTURE_814DCC3DC72143F49509781513CB9855_AutoDXT_7AE579164704BE34FDB17B86C7A4B__D9C346B728449BEB1F867F22715A22628BD5B319, StartTime=2016.04.02-08.54.53, HierarchicalDDC=, DataSize=6899, Duration=8.530993, RunGuid=RunID7147BFC44A29325D95E3D094F7456E79
DDCTransactionId806D7FBC402081AF1F7011B49FA20DB8_50, PutCachedData=, CacheKey=TEXTURE_814DCC3DC72143F49509781513CB9855_AutoDXT_CA00D32B463E02C2DEB81C975D6C3__4D87045FD8AB13D5474956DD4F920CDEAC3B1787, StartTime=2016.04.02-08.54.53, HierarchicalDDC=, DataSize=262407, Duration=7.743023, RunGuid=RunID7147BFC44A29325D95E3D094F7456E79
DDCTransactionId806D7FBC402081AF1F7011B49FA20DB8_51, PutCachedData=, CacheKey=TEXTURE_814DCC3DC72143F49509781513CB9855_AutoDXT_CA00D32B463E02C2DEB81C975D6C3__4FBE731F710AFCDF5BC76C7EDD98B59562533EC3, StartTime=2016.04.02-08.54.53, HierarchicalDDC=, DataSize=65799, Duration=6.659739, RunGuid=RunID7147BFC44A29325D95E3D094F7456E79
DDCTransactionId806D7FBC402081AF1F7011B49FA20DB8_52, PutCachedData=, CacheKey=TEXTURE_814DCC3DC72143F49509781513CB9855_AutoDXT_CA00D32B463E02C2DEB81C975D6C3__E4EB4C1E678DF88AF5D72D151C15C0B751FA7BCC, StartTime=2016.04.02-08.54.53, HierarchicalDDC=, DataSize=16647, Duration=7.280223, RunGuid=RunID7147BFC44A29325D95E3D094F7456E79
DDCTransactionId806D7FBC402081AF1F7011B49FA20DB8_53, PutCachedData=, CacheKey=TEXTURE_814DCC3DC72143F49509781513CB9855_AutoDXT_CA00D32B463E02C2DEB81C975D6C3__B9B52EC9FA92B137D4C172F27CEA1AFCD4BCC9A1, StartTime=2016.04.02-08.54.53, HierarchicalDDC=, DataSize=6899, Duration=8.390102, RunGuid=RunID7147BFC44A29325D95E3D094F7456E79
DDCTransactionId806D7FBC402081AF1F7011B49FA20DB8_54, PutCachedData=, CacheKey=TEXTURE_814DCC3DC72143F49509781513CB9855_AutoDXT_9C3C2F53469AC5DDB6E75B8DE1CCE__7C37B825E2163470F90F151D5971AD12A7A0024D, StartTime=2016.04.02-08.54.53, HierarchicalDDC=, DataSize=262407, Duration=95.999580, RunGuid=RunID7147BFC44A29325D95E3D094F7456E79
DDCTransactionIdA18AF31E45D34FCE8E81C99295ADF7DE_13, BuildTexture=, CacheKey=TEXTURE_814DCC3DC72143F49509781513CB9855_AutoDXT_E4D19E7948AE9BC67305C19762D632A4_07_0000803F0000803F0000803F000000000000803F00000000000000000000803F0000000000000000020000000E000000000000000101000000040000803FFFFFFFFF00000000FF00FF00FFFF8180803B, StartTime=2016.04.02-08.54.53, Duration=0.833225, RunGuid=RunID7147BFC44A29325D95E3D094F7456E79
DDCTransactionIdA18AF31E45D34FCE8E81C99295ADF7DE_14, BuildTexture=, CacheKey=TEXTURE_814DCC3DC72143F49509781513CB9855_DXT1_66AA220F49DB9085046B69A787A34E55_07_0000803F0000803F0000803F000000000000803F00000000000000000000803F0000000000000000020000000E000000000000000101000000040000803FFFFFFFFF00000000FF00FF00FFFF8180803B, StartTime=2016.04.02-08.54.53, Duration=234.010330, RunGuid=RunID7147BFC44A29325D95E3D094F7456E79
DDCTransactionId806D7FBC402081AF1F7011B49FA20DB8_55, PutCachedData=, CacheKey=TEXTURE_814DCC3DC72143F49509781513CB9855_AutoDXT_9C3C2F53469AC5DDB6E75B8DE1CCE__25CDB9FEA665E07CAF5666BEC232495EED6B754C, StartTime=2016.04.02-08.54.53, HierarchicalDDC=, DataSize=65799, Duration=6.895799, RunGuid=RunID7147BFC44A29325D95E3D094F7456E79
DDCTransactionId806D7FBC402081AF1F7011B49FA20DB8_56, PutCachedData=, CacheKey=TEXTURE_814DCC3DC72143F49509781513CB9855_AutoDXT_9C3C2F53469AC5DDB6E75B8DE1CCE__B662C4A874034C1AB2104627ED175B3CE6DDFC15, StartTime=2016.04.02-08.54.53, HierarchicalDDC=, DataSize=16647, Duration=8.610774, RunGuid=RunID7147BFC44A29325D95E3D094F7456E79
DDCTransactionId806D7FBC402081AF1F7011B49FA20DB8_57, PutCachedData=, CacheKey=TEXTURE_814DCC3DC72143F49509781513CB9855_AutoDXT_9C3C2F53469AC5DDB6E75B8DE1CCE__2888E9705FCFDD9622245813BB36C7E81A4575E1, StartTime=2016.04.02-08.54.53, HierarchicalDDC=, DataSize=6899, Duration=6.754443, RunGuid=RunID7147BFC44A29325D95E3D094F7456E79
DDCTransactionId806D7FBC402081AF1F7011B49FA20DB8_58, PutCachedData=, CacheKey=TEXTURE_814DCC3DC72143F49509781513CB9855_AutoDXT_E4D19E7948AE9BC67305C19762D63__EE1D8F8A388DA3F67FBA0A262F841D94EA8FC61E, StartTime=2016.04.02-08.54.53, HierarchicalDDC=, DataSize=6014, Duration=6.308440, RunGuid=RunID7147BFC44A29325D95E3D094F7456E79
DDCTransactionId806D7FBC402081AF1F7011B49FA20DB8_59, PutCachedData=, CacheKey=TEXTURE_814DCC3DC72143F49509781513CB9855_DXT1_66AA220F49DB9085046B69A787A34E55__C151D7557EA23BC243BA13731EB671AF5F101161, StartTime=2016.04.02-08.54.53, HierarchicalDDC=, DataSize=524550, Duration=7.813468, RunGuid=RunID7147BFC44A29325D95E3D094F7456E79
DDCTransactionId806D7FBC402081AF1F7011B49FA20DB8_60, PutCachedData=, CacheKey=TEXTURE_814DCC3DC72143F49509781513CB9855_DXT1_66AA220F49DB9085046B69A787A34E55__27C078FE48487E590032780430A092ACF38BF777, StartTime=2016.04.02-08.54.53, HierarchicalDDC=, DataSize=131332, Duration=7.813003, RunGuid=RunID7147BFC44A29325D95E3D094F7456E79
DDCTransactionId806D7FBC402081AF1F7011B49FA20DB8_61, PutCachedData=, CacheKey=TEXTURE_814DCC3DC72143F49509781513CB9855_DXT1_66AA220F49DB9085046B69A787A34E55__3C2A710E67B6A3FFA618EC13871F39CE4BFD000C, StartTime=2016.04.02-08.54.53, HierarchicalDDC=, DataSize=33028, Duration=10.935963, RunGuid=RunID7147BFC44A29325D95E3D094F7456E79
DDCTransactionIdA18AF31E45D34FCE8E81C99295ADF7DE_15, BuildTexture=, CacheKey=TEXTURE_814DCC3DC72143F49509781513CB9855_DXT1_597344FC44D79769F845E281B289E135_07_0000803F0000803F0000803F000000000000803F00000000000000000000803F0000000000000000020000000E000000000000000101000000040000803FFFFFFFFF00000000FF00FF00FFFF8180803B, StartTime=2016.04.02-08.54.53, Duration=160.656647, RunGuid=RunID7147BFC44A29325D95E3D094F7456E79
DDCTransactionId806D7FBC402081AF1F7011B49FA20DB8_62, PutCachedData=, CacheKey=TEXTURE_814DCC3DC72143F49509781513CB9855_DXT1_66AA220F49DB9085046B69A787A34E55__25A37B5ABB9EA29CA8986CFB62036FBCFC639346, StartTime=2016.04.02-08.54.53, HierarchicalDDC=, DataSize=8452, Duration=6.017323, RunGuid=RunID7147BFC44A29325D95E3D094F7456E79
DDCTransactionId806D7FBC402081AF1F7011B49FA20DB8_63, PutCachedData=, CacheKey=TEXTURE_814DCC3DC72143F49509781513CB9855_DXT1_66AA220F49DB9085046B69A787A34E55__AE8A3B4B3E796BFA1FA8FD4214372B5075081C92, StartTime=2016.04.02-08.54.53, HierarchicalDDC=, DataSize=4437, Duration=6.312173, RunGuid=RunID7147BFC44A29325D95E3D094F7456E79
DDCTransactionId806D7FBC402081AF1F7011B49FA20DB8_64, PutCachedData=, CacheKey=TEXTURE_814DCC3DC72143F49509781513CB9855_DXT1_597344FC44D79769F845E281B289E135__AF14AC392BDAA9FEF99ACC6B018B370EB5D808A0, StartTime=2016.04.02-08.54.53, HierarchicalDDC=, DataSize=524550, Duration=11.682417, RunGuid=RunID7147BFC44A29325D95E3D094F7456E79
DDCTransactionIdA18AF31E45D34FCE8E81C99295ADF7DE_16, BuildTexture=, CacheKey=TEXTURE_814DCC3DC72143F49509781513CB9855_DXT1_C40B28CE458B56FE60A921BA5B88646E_07_0000803F0000803F0000803F000000000000803F00000000000000000000803F0000000000000000020000000E000000000000000101000000040000803FFFFFFFFF00000000FF00FF00FFFF8180803B, StartTime=2016.04.02-08.54.53, Duration=28.944544, RunGuid=RunID7147BFC44A29325D95E3D094F7456E79
DDCTransactionId806D7FBC402081AF1F7011B49FA20DB8_65, PutCachedData=, CacheKey=TEXTURE_814DCC3DC72143F49509781513CB9855_DXT1_597344FC44D79769F845E281B289E135__CFE321F2C65EA324A8CA370DEE33CCA2D0F45F85, StartTime=2016.04.02-08.54.53, HierarchicalDDC=, DataSize=131332, Duration=23.761385, RunGuid=RunID7147BFC44A29325D95E3D094F7456E79
DDCTransactionId806D7FBC402081AF1F7011B49FA20DB8_66, PutCachedData=, CacheKey=TEXTURE_814DCC3DC72143F49509781513CB9855_DXT1_597344FC44D79769F845E281B289E135__F03B0C4B344783646E4B7E371655050F12E533D9, StartTime=2016.04.02-08.54.53, HierarchicalDDC=, DataSize=33028, Duration=9.585824, RunGuid=RunID7147BFC44A29325D95E3D094F7456E79
DDCTransactionIdA18AF31E45D34FCE8E81C99295ADF7DE_17, BuildTexture=, CacheKey=TEXTURE_814DCC3DC72143F49509781513CB9855_DXT1_766D604645FA942EFF3489A8EA20A8F0_07_0000803F0000803F0000803F000000000000803F00000000000000000000803F0000000000000000020000000E000000000000000101000000040000803FFFFFFFFF00000000FF00FF00FFFF8180803B, StartTime=2016.04.02-08.54.53, Duration=29.391949, RunGuid=RunID7147BFC44A29325D95E3D094F7456E79
DDCTransactionId806D7FBC402081AF1F7011B49FA20DB8_67, PutCachedData=, CacheKey=TEXTURE_814DCC3DC72143F49509781513CB9855_DXT1_597344FC44D79769F845E281B289E135__520110756D4B48377EB15ABF88A437DAFD377390, StartTime=2016.04.02-08.54.53, HierarchicalDDC=, DataSize=8452, Duration=7.059556, RunGuid=RunID7147BFC44A29325D95E3D094F7456E79
DDCTransactionId806D7FBC402081AF1F7011B49FA20DB8_68, PutCachedData=, CacheKey=TEXTURE_814DCC3DC72143F49509781513CB9855_DXT1_597344FC44D79769F845E281B289E135__C9E98CB1E58AEBE6250269C1F5E1D716F5E679B5, StartTime=2016.04.02-08.54.53, HierarchicalDDC=, DataSize=4437, Duration=8.043471, RunGuid=RunID7147BFC44A29325D95E3D094F7456E79
DDCTransactionId806D7FBC402081AF1F7011B49FA20DB8_69, PutCachedData=, CacheKey=TEXTURE_814DCC3DC72143F49509781513CB9855_DXT1_C40B28CE458B56FE60A921BA5B88646E__56BDA0D33FAA6962A6144FE9863A64436484EB3E, StartTime=2016.04.02-08.54.53, HierarchicalDDC=, DataSize=131332, Duration=7.550344, RunGuid=RunID7147BFC44A29325D95E3D094F7456E79
DDCTransactionId806D7FBC402081AF1F7011B49FA20DB8_70, PutCachedData=, CacheKey=TEXTURE_814DCC3DC72143F49509781513CB9855_DXT1_C40B28CE458B56FE60A921BA5B88646E__A63A3D442D47629EFD22330080496F3D83716BF5, StartTime=2016.04.02-08.54.53, HierarchicalDDC=, DataSize=33028, Duration=37.137772, RunGuid=RunID7147BFC44A29325D95E3D094F7456E79
DDCTransactionIdA18AF31E45D34FCE8E81C99295ADF7DE_18, BuildTexture=, CacheKey=TEXTURE_814DCC3DC72143F49509781513CB9855_DXT1_12FC07B74E65B2819AAD43AB19BB60CC_07_0000803F0000803F0000803F000000000000803F00000000000000000000803F0000000000000000020000000E000000000000000101000000040000803FFFFFFFFF00000000FF00FF00FFFF8180803B, StartTime=2016.04.02-08.54.53, Duration=26.667873, RunGuid=RunID7147BFC44A29325D95E3D094F7456E79
DDCTransactionIdA18AF31E45D34FCE8E81C99295ADF7DE_19, BuildTexture=, CacheKey=TEXTURE_814DCC3DC72143F49509781513CB9855_DXT1_C14052FA4C333041CDF34B8B8F3451E9_07_0000803F0000803F0000803F000000000000803F00000000000000000000803F0000000000000000020000000E000000000000000101000000040000803FFFFFFFFF00000000FF00FF00FFFF8180803B, StartTime=2016.04.02-08.54.53, Duration=6.341562, RunGuid=RunID7147BFC44A29325D95E3D094F7456E79
DDCTransactionId806D7FBC402081AF1F7011B49FA20DB8_71, PutCachedData=, CacheKey=TEXTURE_814DCC3DC72143F49509781513CB9855_DXT1_C40B28CE458B56FE60A921BA5B88646E__45591E3979833F5D56E3DFA3F516A50E9893C0DE, StartTime=2016.04.02-08.54.53, HierarchicalDDC=, DataSize=8452, Duration=8.321989, RunGuid=RunID7147BFC44A29325D95E3D094F7456E79
DDCTransactionId806D7FBC402081AF1F7011B49FA20DB8_72, PutCachedData=, CacheKey=TEXTURE_814DCC3DC72143F49509781513CB9855_DXT1_C40B28CE458B56FE60A921BA5B88646E__A36B09ED78DFC9F45644F8DC73841CF0C0C26467, StartTime=2016.04.02-08.54.53, HierarchicalDDC=, DataSize=4143, Duration=6.167546, RunGuid=RunID7147BFC44A29325D95E3D094F7456E79
DDCTransactionIdA18AF31E45D34FCE8E81C99295ADF7DE_20, BuildTexture=, CacheKey=TEXTURE_814DCC3DC72143F49509781513CB9855_AutoDXT_0749B11545CC1F751FD7B8924A30F937_07_0000803F0000803F0000803F000000000000803F00000000000000000000803F0000000000000000020000000E000000000000000101000000040000803FFFFFFFFF00000000FF00FF00FFFF8180803B, StartTime=2016.04.02-08.54.53, Duration=322.161469, RunGuid=RunID7147BFC44A29325D95E3D094F7456E79
DDCTransactionId806D7FBC402081AF1F7011B49FA20DB8_73, PutCachedData=, CacheKey=TEXTURE_814DCC3DC72143F49509781513CB9855_DXT1_766D604645FA942EFF3489A8EA20A8F0__6951B7A9AB7B63000D8BF0707EC7B34D3F025290, StartTime=2016.04.02-08.54.53, HierarchicalDDC=, DataSize=131332, Duration=5.364180, RunGuid=RunID7147BFC44A29325D95E3D094F7456E79
DDCTransactionId806D7FBC402081AF1F7011B49FA20DB8_74, PutCachedData=, CacheKey=TEXTURE_814DCC3DC72143F49509781513CB9855_DXT1_766D604645FA942EFF3489A8EA20A8F0__EA8A391B90DEB09F9F0E5AE945ED5BB85F077D25, StartTime=2016.04.02-08.54.53, HierarchicalDDC=, DataSize=33028, Duration=7.244304, RunGuid=RunID7147BFC44A29325D95E3D094F7456E79
DDCTransactionId806D7FBC402081AF1F7011B49FA20DB8_75, PutCachedData=, CacheKey=TEXTURE_814DCC3DC72143F49509781513CB9855_DXT1_766D604645FA942EFF3489A8EA20A8F0__B64902749CD939B6CE3A05341D9259C69BEB2910, StartTime=2016.04.02-08.54.53, HierarchicalDDC=, DataSize=8452, Duration=18.796085, RunGuid=RunID7147BFC44A29325D95E3D094F7456E79
DDCTransactionId806D7FBC402081AF1F7011B49FA20DB8_76, PutCachedData=, CacheKey=TEXTURE_814DCC3DC72143F49509781513CB9855_DXT1_766D604645FA942EFF3489A8EA20A8F0__CC1F321E1B8EA1C548DFE982CFFC80246588E720, StartTime=2016.04.02-08.54.53, HierarchicalDDC=, DataSize=4143, Duration=8.111585, RunGuid=RunID7147BFC44A29325D95E3D094F7456E79
DDCTransactionId806D7FBC402081AF1F7011B49FA20DB8_77, PutCachedData=, CacheKey=TEXTURE_814DCC3DC72143F49509781513CB9855_DXT1_12FC07B74E65B2819AAD43AB19BB60CC__25A89F6F7040F76E520A07015737C7354DD42918, StartTime=2016.04.02-08.54.53, HierarchicalDDC=, DataSize=131332, Duration=6.819758, RunGuid=RunID7147BFC44A29325D95E3D094F7456E79
DDCTransactionId806D7FBC402081AF1F7011B49FA20DB8_78, PutCachedData=, CacheKey=TEXTURE_814DCC3DC72143F49509781513CB9855_DXT1_12FC07B74E65B2819AAD43AB19BB60CC__235A9305464E2E77E95D819878C1D6B84D58ACD8, StartTime=2016.04.02-08.54.53, HierarchicalDDC=, DataSize=33028, Duration=7.659513, RunGuid=RunID7147BFC44A29325D95E3D094F7456E79
DDCTransactionId806D7FBC402081AF1F7011B49FA20DB8_79, PutCachedData=, CacheKey=TEXTURE_814DCC3DC72143F49509781513CB9855_DXT1_12FC07B74E65B2819AAD43AB19BB60CC__B90E21BA5BEB4807B91A97FFB8EDCBE6B2FD6196, StartTime=2016.04.02-08.54.53, HierarchicalDDC=, DataSize=8452, Duration=10.022029, RunGuid=RunID7147BFC44A29325D95E3D094F7456E79
DDCTransactionId806D7FBC402081AF1F7011B49FA20DB8_80, PutCachedData=, CacheKey=TEXTURE_814DCC3DC72143F49509781513CB9855_DXT1_12FC07B74E65B2819AAD43AB19BB60CC__44AA62AD99FBEF1BBC79E92D4871B71AABFEF671, StartTime=2016.04.02-08.54.53, HierarchicalDDC=, DataSize=4143, Duration=6.031320, RunGuid=RunID7147BFC44A29325D95E3D094F7456E79
DDCTransactionId806D7FBC402081AF1F7011B49FA20DB8_81, PutCachedData=, CacheKey=TEXTURE_814DCC3DC72143F49509781513CB9855_DXT1_C14052FA4C333041CDF34B8B8F3451E9__CC53B0A07525180F4F96C9DEF2E4F09E29601FDE, StartTime=2016.04.02-08.54.53, HierarchicalDDC=, DataSize=3267, Duration=6.716188, RunGuid=RunID7147BFC44A29325D95E3D094F7456E79
DDCTransactionId806D7FBC402081AF1F7011B49FA20DB8_82, PutCachedData=, CacheKey=TEXTURE_814DCC3DC72143F49509781513CB9855_AutoDXT_0749B11545CC1F751FD7B8924A30F__DBFA32B960C8AC759D95E08F302756FEB2620B8E, StartTime=2016.04.02-08.54.53, HierarchicalDDC=, DataSize=524552, Duration=8.047201, RunGuid=RunID7147BFC44A29325D95E3D094F7456E79
DDCTransactionId806D7FBC402081AF1F7011B49FA20DB8_83, PutCachedData=, CacheKey=TEXTURE_814DCC3DC72143F49509781513CB9855_AutoDXT_0749B11545CC1F751FD7B8924A30F__66CC7F42D0F3BC34AFBD91FE7BAA7CC7F24AB2E7, StartTime=2016.04.02-08.54.53, HierarchicalDDC=, DataSize=131335, Duration=24.383736, RunGuid=RunID7147BFC44A29325D95E3D094F7456E79
DDCTransactionIdA18AF31E45D34FCE8E81C99295ADF7DE_21, BuildTexture=, CacheKey=TEXTURE_814DCC3DC72143F49509781513CB9855_AutoDXT_1B4DA0D540A3B6D2D6B2B1A5440C50B0_07_0000803F0000803F0000803F000000000000803F00000000000000000000803F0000000000000000020000000E000000000000000101000000040000803FFFFFFFFF00000000FF00FF00FFFF8180803B, StartTime=2016.04.02-08.54.53, Duration=167.366302, RunGuid=RunID7147BFC44A29325D95E3D094F7456E79
DDCTransactionId806D7FBC402081AF1F7011B49FA20DB8_84, PutCachedData=, CacheKey=TEXTURE_814DCC3DC72143F49509781513CB9855_AutoDXT_0749B11545CC1F751FD7B8924A30F__5FAB8408101F094110311E279097119D67E10334, StartTime=2016.04.02-08.54.53, HierarchicalDDC=, DataSize=33031, Duration=6.580897, RunGuid=RunID7147BFC44A29325D95E3D094F7456E79
DDCTransactionId806D7FBC402081AF1F7011B49FA20DB8_85, PutCachedData=, CacheKey=TEXTURE_814DCC3DC72143F49509781513CB9855_AutoDXT_0749B11545CC1F751FD7B8924A30F__F8F4CF0A74BD7C5606C74EA8F0EC4CAC691BF11A, StartTime=2016.04.02-08.54.53, HierarchicalDDC=, DataSize=8454, Duration=6.983046, RunGuid=RunID7147BFC44A29325D95E3D094F7456E79
DDCTransactionId806D7FBC402081AF1F7011B49FA20DB8_86, PutCachedData=, CacheKey=TEXTURE_814DCC3DC72143F49509781513CB9855_AutoDXT_0749B11545CC1F751FD7B8924A30F__4688619069A77C9E38C7E628D828A33131BFB0E6, StartTime=2016.04.02-08.54.53, HierarchicalDDC=, DataSize=4474, Duration=7.868052, RunGuid=RunID7147BFC44A29325D95E3D094F7456E79
DDCTransactionId806D7FBC402081AF1F7011B49FA20DB8_87, PutCachedData=, CacheKey=TEXTURE_814DCC3DC72143F49509781513CB9855_AutoDXT_1B4DA0D540A3B6D2D6B2B1A5440C5__FDE160E9BA93EF294ADB9F5AB63ACEC19D852806, StartTime=2016.04.02-08.54.54, HierarchicalDDC=, DataSize=524552, Duration=6.642010, RunGuid=RunID7147BFC44A29325D95E3D094F7456E79
DDCTransactionIdA18AF31E45D34FCE8E81C99295ADF7DE_22, BuildTexture=, CacheKey=TEXTURE_814DCC3DC72143F49509781513CB9855_AutoDXT_3A784D85456CB436B4DB55B38B287DEC_07_0000803F0000803F0000803F000000000000803F00000000000000000000803F0000000000000000020000000E000000000000000101000000040000803FFFFFFFFF00000000FF00FF00FFFF8180803B, StartTime=2016.04.02-08.54.54, Duration=45.160248, RunGuid=RunID7147BFC44A29325D95E3D094F7456E79
DDCTransactionId806D7FBC402081AF1F7011B49FA20DB8_88, PutCachedData=, CacheKey=TEXTURE_814DCC3DC72143F49509781513CB9855_AutoDXT_1B4DA0D540A3B6D2D6B2B1A5440C5__0EA8B89D83E9B9E9BA452FE26EF50A642B0FD2E8, StartTime=2016.04.02-08.54.54, HierarchicalDDC=, DataSize=131335, Duration=12.536168, RunGuid=RunID7147BFC44A29325D95E3D094F7456E79
DDCTransactionId806D7FBC402081AF1F7011B49FA20DB8_89, PutCachedData=, CacheKey=TEXTURE_814DCC3DC72143F49509781513CB9855_AutoDXT_1B4DA0D540A3B6D2D6B2B1A5440C5__497BBEA58418E2BB76BAE7CABED70AB780FE2852, StartTime=2016.04.02-08.54.54, HierarchicalDDC=, DataSize=33031, Duration=7.061422, RunGuid=RunID7147BFC44A29325D95E3D094F7456E79
DDCTransactionId806D7FBC402081AF1F7011B49FA20DB8_90, PutCachedData=, CacheKey=TEXTURE_814DCC3DC72143F49509781513CB9855_AutoDXT_1B4DA0D540A3B6D2D6B2B1A5440C5__643341734084F6877EE465098C7A1208311ECB56, StartTime=2016.04.02-08.54.54, HierarchicalDDC=, DataSize=8454, Duration=7.623125, RunGuid=RunID7147BFC44A29325D95E3D094F7456E79
DDCTransactionId806D7FBC402081AF1F7011B49FA20DB8_91, PutCachedData=, CacheKey=TEXTURE_814DCC3DC72143F49509781513CB9855_AutoDXT_1B4DA0D540A3B6D2D6B2B1A5440C5__54E8D4F324EAEE68785D601CCA2B6BFA23DAC3ED, StartTime=2016.04.02-08.54.54, HierarchicalDDC=, DataSize=4474, Duration=7.447243, RunGuid=RunID7147BFC44A29325D95E3D094F7456E79
DDCTransactionId806D7FBC402081AF1F7011B49FA20DB8_92, PutCachedData=, CacheKey=TEXTURE_814DCC3DC72143F49509781513CB9855_AutoDXT_3A784D85456CB436B4DB55B38B287__320A73CFAF82B63899C3EC61DF067BCEC8A28AB5, StartTime=2016.04.02-08.54.54, HierarchicalDDC=, DataSize=131335, Duration=7.113204, RunGuid=RunID7147BFC44A29325D95E3D094F7456E79
DDCTransactionIdA18AF31E45D34FCE8E81C99295ADF7DE_23, BuildTexture=, CacheKey=TEXTURE_814DCC3DC72143F49509781513CB9855_AutoDXT_1A57F3584FF3A7512B1CDCA09F271717_07_0000803F0000803F0000803F000000000000803F00000000000000000000803F0000000000000000020000000E000000000000000101000000040000803FFFFFFFFF00000000FF00FF00FFFF8180803B, StartTime=2016.04.02-08.54.54, Duration=34.258339, RunGuid=RunID7147BFC44A29325D95E3D094F7456E79
DDCTransactionId806D7FBC402081AF1F7011B49FA20DB8_93, PutCachedData=, CacheKey=TEXTURE_814DCC3DC72143F49509781513CB9855_AutoDXT_3A784D85456CB436B4DB55B38B287__AA10D5C85B73F70BF5879A23F40F193825BF82AA, StartTime=2016.04.02-08.54.54, HierarchicalDDC=, DataSize=33031, Duration=12.846876, RunGuid=RunID7147BFC44A29325D95E3D094F7456E79
DDCTransactionId806D7FBC402081AF1F7011B49FA20DB8_94, PutCachedData=, CacheKey=TEXTURE_814DCC3DC72143F49509781513CB9855_AutoDXT_3A784D85456CB436B4DB55B38B287__180FD65D4DF65C884D2D27F211D129BE6858B1C4, StartTime=2016.04.02-08.54.54, HierarchicalDDC=, DataSize=8454, Duration=7.750485, RunGuid=RunID7147BFC44A29325D95E3D094F7456E79
DDCTransactionId806D7FBC402081AF1F7011B49FA20DB8_95, PutCachedData=, CacheKey=TEXTURE_814DCC3DC72143F49509781513CB9855_AutoDXT_3A784D85456CB436B4DB55B38B287__BE4B0B341613ADBADDCE1BE6BB3A1BE693176C00, StartTime=2016.04.02-08.54.54, HierarchicalDDC=, DataSize=4178, Duration=5.653895, RunGuid=RunID7147BFC44A29325D95E3D094F7456E79
DDCTransactionId806D7FBC402081AF1F7011B49FA20DB8_96, PutCachedData=, CacheKey=TEXTURE_814DCC3DC72143F49509781513CB9855_AutoDXT_1A57F3584FF3A7512B1CDCA09F271__3D39D97D7C9F317DAAC17AC5FA4968381488FD86, StartTime=2016.04.02-08.54.54, HierarchicalDDC=, DataSize=131335, Duration=7.387061, RunGuid=RunID7147BFC44A29325D95E3D094F7456E79
DDCTransactionIdA18AF31E45D34FCE8E81C99295ADF7DE_24, BuildTexture=, CacheKey=TEXTURE_814DCC3DC72143F49509781513CB9855_AutoDXT_6A31F0FD48925E0B9FB019A8D3CCFBF8_07_0000803F0000803F0000803F000000000000803F00000000000000000000803F0000000000000000020000000E000000000000000101000000040000803FFFFFFFFF00000000FF00FF00FFFF8180803B, StartTime=2016.04.02-08.54.54, Duration=35.528706, RunGuid=RunID7147BFC44A29325D95E3D094F7456E79
DDCTransactionId806D7FBC402081AF1F7011B49FA20DB8_97, PutCachedData=, CacheKey=TEXTURE_814DCC3DC72143F49509781513CB9855_AutoDXT_1A57F3584FF3A7512B1CDCA09F271__F1699B078595686B6B31E8DE2E30C12B00CABE08, StartTime=2016.04.02-08.54.54, HierarchicalDDC=, DataSize=33031, Duration=8.843105, RunGuid=RunID7147BFC44A29325D95E3D094F7456E79
DDCTransactionId806D7FBC402081AF1F7011B49FA20DB8_98, PutCachedData=, CacheKey=TEXTURE_814DCC3DC72143F49509781513CB9855_AutoDXT_1A57F3584FF3A7512B1CDCA09F271__AD34313FFD43A888753AFAD25B727CE775F97FA8, StartTime=2016.04.02-08.54.54, HierarchicalDDC=, DataSize=8454, Duration=6.890669, RunGuid=RunID7147BFC44A29325D95E3D094F7456E79
DDCTransactionId806D7FBC402081AF1F7011B49FA20DB8_99, PutCachedData=, CacheKey=TEXTURE_814DCC3DC72143F49509781513CB9855_AutoDXT_1A57F3584FF3A7512B1CDCA09F271__49AFE852A3781C4FDB12AB18DAFA436BD06D2FC3, StartTime=2016.04.02-08.54.54, HierarchicalDDC=, DataSize=4178, Duration=6.040182, RunGuid=RunID7147BFC44A29325D95E3D094F7456E79
DDCTransactionId806D7FBC402081AF1F7011B49FA20DB8_100, PutCachedData=, CacheKey=TEXTURE_814DCC3DC72143F49509781513CB9855_AutoDXT_6A31F0FD48925E0B9FB019A8D3CCF__706593310DC51F7A816C0F78E911AD8D53E4C6B6, StartTime=2016.04.02-08.54.54, HierarchicalDDC=, DataSize=131335, Duration=7.912371, RunGuid=RunID7147BFC44A29325D95E3D094F7456E79
DDCTransactionIdA18AF31E45D34FCE8E81C99295ADF7DE_25, BuildTexture=, CacheKey=TEXTURE_814DCC3DC72143F49509781513CB9855_AutoDXT_104E96A44B7BE15657B040A1B36E0EE7_07_0000803F0000803F0000803F000000000000803F00000000000000000000803F0000000000000000020000000E000000000000000101000000040000803FFFFFFFFF00000000FF00FF00FFFF8180803B, StartTime=2016.04.02-08.54.54, Duration=3.322635, RunGuid=RunID7147BFC44A29325D95E3D094F7456E79
DDCTransactionIdA18AF31E45D34FCE8E81C99295ADF7DE_26, BuildTexture=, CacheKey=TEXTURE_814DCC3DC72143F49509781513CB9855_G8_A99CD7334F314A0686D57B9547A32DD7_07_0000803F0000803F0000803F000000000000803F00000000000000000000803F0000000000000000020000000E000000000000000101000000040000803FFFFFFFFF00000000FF00FF00FFFF8180803B, StartTime=2016.04.02-08.54.54, Duration=35.576290, RunGuid=RunID7147BFC44A29325D95E3D094F7456E79
DDCTransactionId806D7FBC402081AF1F7011B49FA20DB8_101, PutCachedData=, CacheKey=TEXTURE_814DCC3DC72143F49509781513CB9855_AutoDXT_6A31F0FD48925E0B9FB019A8D3CCF__CCAC4A09F74D98DC92951DFBE3A6855C6EAA7B5C, StartTime=2016.04.02-08.54.54, HierarchicalDDC=, DataSize=33031, Duration=6.404545, RunGuid=RunID7147BFC44A29325D95E3D094F7456E79
DDCTransactionId806D7FBC402081AF1F7011B49FA20DB8_102, PutCachedData=, CacheKey=TEXTURE_814DCC3DC72143F49509781513CB9855_AutoDXT_6A31F0FD48925E0B9FB019A8D3CCF__28701DE7C0F79857C55BA1263446AD99239CD45B, StartTime=2016.04.02-08.54.54, HierarchicalDDC=, DataSize=8454, Duration=6.382149, RunGuid=RunID7147BFC44A29325D95E3D094F7456E79
DDCTransactionId806D7FBC402081AF1F7011B49FA20DB8_103, PutCachedData=, CacheKey=TEXTURE_814DCC3DC72143F49509781513CB9855_AutoDXT_6A31F0FD48925E0B9FB019A8D3CCF__25B4EE0FDBD67FD2D86FBA1B872AB46B879C3C9E, StartTime=2016.04.02-08.54.54, HierarchicalDDC=, DataSize=4178, Duration=7.029232, RunGuid=RunID7147BFC44A29325D95E3D094F7456E79
DDCTransactionId806D7FBC402081AF1F7011B49FA20DB8_104, PutCachedData=, CacheKey=TEXTURE_814DCC3DC72143F49509781513CB9855_AutoDXT_104E96A44B7BE15657B040A1B36E0__4089859D5CB729953A3B8A0580218E390EDF7C45, StartTime=2016.04.02-08.54.54, HierarchicalDDC=, DataSize=1910, Duration=7.969290, RunGuid=RunID7147BFC44A29325D95E3D094F7456E79
DDCTransactionId806D7FBC402081AF1F7011B49FA20DB8_105, PutCachedData=, CacheKey=TEXTURE_814DCC3DC72143F49509781513CB9855_G8_A99CD7334F314A0686D57B9547A32DD7_0__BBE6450F05F711CCECC41FB01670BB8850C34A47, StartTime=2016.04.02-08.54.54, HierarchicalDDC=, DataSize=524547, Duration=8.626166, RunGuid=RunID7147BFC44A29325D95E3D094F7456E79
DDCTransactionIdA18AF31E45D34FCE8E81C99295ADF7DE_27, BuildTexture=, CacheKey=TEXTURE_814DCC3DC72143F49509781513CB9855_G8_312B01124F3BCBD78AA5269E0ED7195A_07_0000803F0000803F0000803F000000000000803F00000000000000000000803F0000000000000000020000000E000000000000000101000000040000803FFFFFFFFF00000000FF00FF00FFFF8180803B, StartTime=2016.04.02-08.54.54, Duration=36.333939, RunGuid=RunID7147BFC44A29325D95E3D094F7456E79
DDCTransactionId806D7FBC402081AF1F7011B49FA20DB8_106, PutCachedData=, CacheKey=TEXTURE_814DCC3DC72143F49509781513CB9855_G8_A99CD7334F314A0686D57B9547A32DD7_0__9E1667C2EA3CCE0000BE4761716AAE370788CF5D, StartTime=2016.04.02-08.54.54, HierarchicalDDC=, DataSize=131330, Duration=6.132558, RunGuid=RunID7147BFC44A29325D95E3D094F7456E79
DDCTransactionId806D7FBC402081AF1F7011B49FA20DB8_107, PutCachedData=, CacheKey=TEXTURE_814DCC3DC72143F49509781513CB9855_G8_A99CD7334F314A0686D57B9547A32DD7_0__7FD969D38AAC7A24CB4E88558C68FC73B9ECA0CF, StartTime=2016.04.02-08.54.54, HierarchicalDDC=, DataSize=33026, Duration=6.586958, RunGuid=RunID7147BFC44A29325D95E3D094F7456E79
DDCTransactionId806D7FBC402081AF1F7011B49FA20DB8_108, PutCachedData=, CacheKey=TEXTURE_814DCC3DC72143F49509781513CB9855_G8_A99CD7334F314A0686D57B9547A32DD7_0__DB95BCFB5CDF8E3FC5AED0C9412FCE63348791FE, StartTime=2016.04.02-08.54.54, HierarchicalDDC=, DataSize=8449, Duration=6.950386, RunGuid=RunID7147BFC44A29325D95E3D094F7456E79
DDCTransactionId806D7FBC402081AF1F7011B49FA20DB8_109, PutCachedData=, CacheKey=TEXTURE_814DCC3DC72143F49509781513CB9855_G8_A99CD7334F314A0686D57B9547A32DD7_0__09C82E893305A8FDF9CD4DE08FDEFD5A594CF9FF, StartTime=2016.04.02-08.54.54, HierarchicalDDC=, DataSize=4410, Duration=10.367263, RunGuid=RunID7147BFC44A29325D95E3D094F7456E79
DDCTransactionId806D7FBC402081AF1F7011B49FA20DB8_110, PutCachedData=, CacheKey=TEXTURE_814DCC3DC72143F49509781513CB9855_G8_312B01124F3BCBD78AA5269E0ED7195A_0__3C7761495D7E68E3B0DE8D67A0EC19FA117F7786, StartTime=2016.04.02-08.54.54, HierarchicalDDC=, DataSize=524547, Duration=7.518154, RunGuid=RunID7147BFC44A29325D95E3D094F7456E79
DDCTransactionIdA18AF31E45D34FCE8E81C99295ADF7DE_28, BuildTexture=, CacheKey=TEXTURE_814DCC3DC72143F49509781513CB9855_G8_F336A9E547928187A2FE8DBA877873B1_07_0000803F0000803F0000803F000000000000803F00000000000000000000803F0000000000000000020000000E000000000000000101000000040000803FFFFFFFFF00000000FF00FF00FFFF8180803B, StartTime=2016.04.02-08.54.54, Duration=7.614263, RunGuid=RunID7147BFC44A29325D95E3D094F7456E79
DDCTransactionId806D7FBC402081AF1F7011B49FA20DB8_111, PutCachedData=, CacheKey=TEXTURE_814DCC3DC72143F49509781513CB9855_G8_312B01124F3BCBD78AA5269E0ED7195A_0__7379CDC876B6F5151EC477D0C03229CC7C12E45B, StartTime=2016.04.02-08.54.54, HierarchicalDDC=, DataSize=131330, Duration=23.386757, RunGuid=RunID7147BFC44A29325D95E3D094F7456E79
DDCTransactionIdA18AF31E45D34FCE8E81C99295ADF7DE_29, BuildTexture=, CacheKey=TEXTURE_814DCC3DC72143F49509781513CB9855_G8_C1A9DAA94619853A29A6AEBA982298BA_07_0000803F0000803F0000803F000000000000803F00000000000000000000803F0000000000000000020000000E000000000000000101000000040000803FFFFFFFFF00000000FF00FF00FFFF8180803B, StartTime=2016.04.02-08.54.54, Duration=6.167080, RunGuid=RunID7147BFC44A29325D95E3D094F7456E79
DDCTransactionIdA18AF31E45D34FCE8E81C99295ADF7DE_30, BuildTexture=, CacheKey=TEXTURE_814DCC3DC72143F49509781513CB9855_G8_086A19C6464019057903DAAC839DE255_07_0000803F0000803F0000803F000000000000803F00000000000000000000803F0000000000000000020000000E000000000000000101000000040000803FFFFFFFFF00000000FF00FF00FFFF8180803B, StartTime=2016.04.02-08.54.54, Duration=7.505093, RunGuid=RunID7147BFC44A29325D95E3D094F7456E79
DDCTransactionIdA18AF31E45D34FCE8E81C99295ADF7DE_31, BuildTexture=, CacheKey=TEXTURE_814DCC3DC72143F49509781513CB9855_G8_E5889A3D48F327D75670FB9523E2CDB8_07_0000803F0000803F0000803F000000000000803F00000000000000000000803F0000000000000000020000000E000000000000000101000000040000803FFFFFFFFF00000000FF00FF00FFFF8180803B, StartTime=2016.04.02-08.54.54, Duration=0.499658, RunGuid=RunID7147BFC44A29325D95E3D094F7456E79
DDCTransactionId806D7FBC402081AF1F7011B49FA20DB8_112, PutCachedData=, CacheKey=TEXTURE_814DCC3DC72143F49509781513CB9855_G8_312B01124F3BCBD78AA5269E0ED7195A_0__043583562ACE0DBAF09B92EDCC35CC9E100B9FAC, StartTime=2016.04.02-08.54.54, HierarchicalDDC=, DataSize=33026, Duration=7.064219, RunGuid=RunID7147BFC44A29325D95E3D094F7456E79
DDCTransactionId806D7FBC402081AF1F7011B49FA20DB8_113, PutCachedData=, CacheKey=TEXTURE_814DCC3DC72143F49509781513CB9855_G8_312B01124F3BCBD78AA5269E0ED7195A_0__A2100EE959868AC5268CEBD1BA0FDC4B4F48F9E0, StartTime=2016.04.02-08.54.54, HierarchicalDDC=, DataSize=8449, Duration=12.584686, RunGuid=RunID7147BFC44A29325D95E3D094F7456E79
DDCTransactionId806D7FBC402081AF1F7011B49FA20DB8_114, PutCachedData=, CacheKey=TEXTURE_814DCC3DC72143F49509781513CB9855_G8_312B01124F3BCBD78AA5269E0ED7195A_0__DBA0E3EC824F01E36BD362E3E9D9AE71C72C2499, StartTime=2016.04.02-08.54.54, HierarchicalDDC=, DataSize=4410, Duration=8.840774, RunGuid=RunID7147BFC44A29325D95E3D094F7456E79
DDCTransactionId806D7FBC402081AF1F7011B49FA20DB8_115, PutCachedData=, CacheKey=TEXTURE_814DCC3DC72143F49509781513CB9855_G8_F336A9E547928187A2FE8DBA877873B1_0__CC035280AFAA72C56A7C51F6755D3542777FE3F6, StartTime=2016.04.02-08.54.54, HierarchicalDDC=, DataSize=131330, Duration=6.482456, RunGuid=RunID7147BFC44A29325D95E3D094F7456E79
DDCTransactionId806D7FBC402081AF1F7011B49FA20DB8_116, PutCachedData=, CacheKey=TEXTURE_814DCC3DC72143F49509781513CB9855_G8_F336A9E547928187A2FE8DBA877873B1_0__99D2737CF5920C3894A2689601C9DCBAF71E3C1C, StartTime=2016.04.02-08.54.54, HierarchicalDDC=, DataSize=33026, Duration=6.346695, RunGuid=RunID7147BFC44A29325D95E3D094F7456E79
DDCTransactionId806D7FBC402081AF1F7011B49FA20DB8_117, PutCachedData=, CacheKey=TEXTURE_814DCC3DC72143F49509781513CB9855_G8_F336A9E547928187A2FE8DBA877873B1_0__603B2C904FC2452D901C5FA8908325669187F1C2, StartTime=2016.04.02-08.54.54, HierarchicalDDC=, DataSize=8449, Duration=6.204400, RunGuid=RunID7147BFC44A29325D95E3D094F7456E79
DDCTransactionId806D7FBC402081AF1F7011B49FA20DB8_118, PutCachedData=, CacheKey=TEXTURE_814DCC3DC72143F49509781513CB9855_G8_F336A9E547928187A2FE8DBA877873B1_0__D5567F0B08369D683F87A90FAC858FFB4BE6C24B, StartTime=2016.04.02-08.54.54, HierarchicalDDC=, DataSize=4119, Duration=7.039491, RunGuid=RunID7147BFC44A29325D95E3D094F7456E79
DDCTransactionId806D7FBC402081AF1F7011B49FA20DB8_119, PutCachedData=, CacheKey=TEXTURE_814DCC3DC72143F49509781513CB9855_G8_C1A9DAA94619853A29A6AEBA982298BA_0__16D2416FDF2B265E08FD4257B223ED31BEFDDA3A, StartTime=2016.04.02-08.54.54, HierarchicalDDC=, DataSize=131330, Duration=6.668601, RunGuid=RunID7147BFC44A29325D95E3D094F7456E79
DDCTransactionId806D7FBC402081AF1F7011B49FA20DB8_120, PutCachedData=, CacheKey=TEXTURE_814DCC3DC72143F49509781513CB9855_G8_C1A9DAA94619853A29A6AEBA982298BA_0__BA7B52CD69D5B51F7F154D3801814AD030ABF6A9, StartTime=2016.04.02-08.54.54, HierarchicalDDC=, DataSize=33026, Duration=7.082414, RunGuid=RunID7147BFC44A29325D95E3D094F7456E79
DDCTransactionId806D7FBC402081AF1F7011B49FA20DB8_121, PutCachedData=, CacheKey=TEXTURE_814DCC3DC72143F49509781513CB9855_G8_C1A9DAA94619853A29A6AEBA982298BA_0__6A5A260679981F4BFEACAB18EA13181139BC4491, StartTime=2016.04.02-08.54.54, HierarchicalDDC=, DataSize=8449, Duration=5.828846, RunGuid=RunID7147BFC44A29325D95E3D094F7456E79
DDCTransactionId806D7FBC402081AF1F7011B49FA20DB8_122, PutCachedData=, CacheKey=TEXTURE_814DCC3DC72143F49509781513CB9855_G8_C1A9DAA94619853A29A6AEBA982298BA_0__A450FA5F3DCDC72C86A7AF71130FEE2D49FAB8EA, StartTime=2016.04.02-08.54.54, HierarchicalDDC=, DataSize=4119, Duration=5.186431, RunGuid=RunID7147BFC44A29325D95E3D094F7456E79
DDCTransactionId806D7FBC402081AF1F7011B49FA20DB8_123, PutCachedData=, CacheKey=TEXTURE_814DCC3DC72143F49509781513CB9855_G8_086A19C6464019057903DAAC839DE255_0__1B7FC6E30C80AAD75877CA24654DE8F52359C1AC, StartTime=2016.04.02-08.54.54, HierarchicalDDC=, DataSize=131330, Duration=33.694771, RunGuid=RunID7147BFC44A29325D95E3D094F7456E79
DDCTransactionId806D7FBC402081AF1F7011B49FA20DB8_124, PutCachedData=, CacheKey=TEXTURE_814DCC3DC72143F49509781513CB9855_G8_086A19C6464019057903DAAC839DE255_0__9BC81476E0848686B4E8BB282C90C046DFF60563, StartTime=2016.04.02-08.54.54, HierarchicalDDC=, DataSize=33026, Duration=6.383084, RunGuid=RunID7147BFC44A29325D95E3D094F7456E79
DDCTransactionId806D7FBC402081AF1F7011B49FA20DB8_125, PutCachedData=, CacheKey=TEXTURE_814DCC3DC72143F49509781513CB9855_G8_086A19C6464019057903DAAC839DE255_0__28452A3E7EBA0F049412149FDDD422E8E5FDD180, StartTime=2016.04.02-08.54.54, HierarchicalDDC=, DataSize=8449, Duration=7.728096, RunGuid=RunID7147BFC44A29325D95E3D094F7456E79
DDCTransactionId806D7FBC402081AF1F7011B49FA20DB8_126, PutCachedData=, CacheKey=TEXTURE_814DCC3DC72143F49509781513CB9855_G8_086A19C6464019057903DAAC839DE255_0__4380831E1E3608C0631C132C2B5D3BF7AC5473C0, StartTime=2016.04.02-08.54.54, HierarchicalDDC=, DataSize=4119, Duration=22.256821, RunGuid=RunID7147BFC44A29325D95E3D094F7456E79
DDCTransactionId806D7FBC402081AF1F7011B49FA20DB8_127, PutCachedData=, CacheKey=TEXTURE_814DCC3DC72143F49509781513CB9855_G8_E5889A3D48F327D75670FB9523E2CDB8_0__B2FBD5B908F2428B63A3C1453EBCD6294266D3B5, StartTime=2016.04.02-08.54.54, HierarchicalDDC=, DataSize=3250, Duration=7.098742, RunGuid=RunID7147BFC44A29325D95E3D094F7456E79
DDCTransactionIdA18AF31E45D34FCE8E81C99295ADF7DE_32, BuildTexture=, CacheKey=TEXTURE_814DCC3DC72143F49509781513CB9855_BC5_A4E7B62F46E2851783D7E8BEA5DA034A_07_0000803F0000803F0000803F000000000000803F00000000000000000000803F00000000000000000200000001000000000000000100000000040000803FFFFFFFFF00000000FF00FF00FFFF8180803B, StartTime=2016.04.02-08.55.10, Duration=72.457001, RunGuid=RunID7147BFC44A29325D95E3D094F7456E79
DDCTransactionId806D7FBC402081AF1F7011B49FA20DB8_128, PutCachedData=, CacheKey=TEXTURE_814DCC3DC72143F49509781513CB9855_BC5_A4E7B62F46E2851783D7E8BEA5DA034A___1460A91016BB8214929FD01FA9459E4E2DBEAF75, StartTime=2016.04.02-08.55.10, HierarchicalDDC=, DataSize=262403, Duration=7.822335, RunGuid=RunID7147BFC44A29325D95E3D094F7456E79
DDCTransactionId806D7FBC402081AF1F7011B49FA20DB8_129, PutCachedData=, CacheKey=TEXTURE_814DCC3DC72143F49509781513CB9855_BC5_A4E7B62F46E2851783D7E8BEA5DA034A___C80FB78209DD15B6CAB9ACF178DCE816A06742C6, StartTime=2016.04.02-08.55.10, HierarchicalDDC=, DataSize=65795, Duration=6.654140, RunGuid=RunID7147BFC44A29325D95E3D094F7456E79
DDCTransactionId806D7FBC402081AF1F7011B49FA20DB8_130, PutCachedData=, CacheKey=TEXTURE_814DCC3DC72143F49509781513CB9855_BC5_A4E7B62F46E2851783D7E8BEA5DA034A___3C0447A7B320E05D85CB6A57DFEE153B41DD3FEC, StartTime=2016.04.02-08.55.10, HierarchicalDDC=, DataSize=16643, Duration=6.078907, RunGuid=RunID7147BFC44A29325D95E3D094F7456E79
DDCTransactionId806D7FBC402081AF1F7011B49FA20DB8_131, PutCachedData=, CacheKey=TEXTURE_814DCC3DC72143F49509781513CB9855_BC5_A4E7B62F46E2851783D7E8BEA5DA034A___6DF01F6B7DECFF326FB9C4AD5A6D9E407684D0DF, StartTime=2016.04.02-08.55.10, HierarchicalDDC=, DataSize=6882, Duration=6.762374, RunGuid=RunID7147BFC44A29325D95E3D094F7456E79
DDCTransactionIdA18AF31E45D34FCE8E81C99295ADF7DE_33, BuildTexture=, CacheKey=TEXTURE_814DCC3DC72143F49509781513CB9855_AutoDXT_516BCC79466F344857F523AB61EC30B6_07_0000803F0000803F0000803F000000000000803F00000000000000000000803F00000000000000000200000001000100000000000101000000040000803FFFFFFFFF00000000FF00FF00FFFF8180803B, StartTime=2016.04.02-08.55.10, Duration=558.479248, RunGuid=RunID7147BFC44A29325D95E3D094F7456E79
DDCTransactionId806D7FBC402081AF1F7011B49FA20DB8_132, PutCachedData=, CacheKey=TEXTURE_814DCC3DC72143F49509781513CB9855_AutoDXT_516BCC79466F344857F523AB61EC3__587B86C47A5780001741F6210CB1A7EE90776BDC, StartTime=2016.04.02-08.55.10, HierarchicalDDC=, DataSize=262407, Duration=6.576225, RunGuid=RunID7147BFC44A29325D95E3D094F7456E79
DDCTransactionId806D7FBC402081AF1F7011B49FA20DB8_133, PutCachedData=, CacheKey=TEXTURE_814DCC3DC72143F49509781513CB9855_AutoDXT_516BCC79466F344857F523AB61EC3__5677D6BAA40B32783475E59FF60C01D93A85AD89, StartTime=2016.04.02-08.55.10, HierarchicalDDC=, DataSize=65799, Duration=9.738844, RunGuid=RunID7147BFC44A29325D95E3D094F7456E79
DDCTransactionId806D7FBC402081AF1F7011B49FA20DB8_134, PutCachedData=, CacheKey=TEXTURE_814DCC3DC72143F49509781513CB9855_AutoDXT_516BCC79466F344857F523AB61EC3__2DD35DBBBF748920F09312F8C87A92C7BEFC91DF, StartTime=2016.04.02-08.55.10, HierarchicalDDC=, DataSize=16647, Duration=25.054142, RunGuid=RunID7147BFC44A29325D95E3D094F7456E79
DDCTransactionId806D7FBC402081AF1F7011B49FA20DB8_135, PutCachedData=, CacheKey=TEXTURE_814DCC3DC72143F49509781513CB9855_AutoDXT_516BCC79466F344857F523AB61EC3__290EA573399BDA581788399C5553AEDDA200E884, StartTime=2016.04.02-08.55.10, HierarchicalDDC=, DataSize=6899, Duration=7.954828, RunGuid=RunID7147BFC44A29325D95E3D094F7456E79
SavePackageTransactionId42DF219444763E4AD2DA4B999A6FE985_1, Filename=../../../../../../Users/danilo/Documents/Unreal Projects/EndlessRunner/Saved/Autosaves/Game/ThirdPersonBP/Maps/ThirdPersonExampleMap_Auto1.umap, AutoPackageBackupDelegate=25.335457, FlushAsyncLoading=0.043388, FlushStreamingFunc=0.285052, BlockTillAllRequestsFinished=0.016328, ResetLoadersForSaveUnMarkAllObjects=135.388367, TagPackageExports=1.773283, BeginCacheForCookedPlatformData=0.004668, SerializeImports=11.366572, GatherLocalizableTextData=19.018158, MarkNames=0.116166, SerializeSummary=0.020992, SerializeNames=0.630751, SerializeGatherableTextData=0.061117, BuildExportMap=0.442270, SortExportsNonSeekfree=0.730123, SortExportsSeekfreeConstructor=0.075579, SortExportsSeekfreeInner=31.222153, SortExportsSeekfree=0.006065, BuildDependencyMap=0.142291, SerializeImportMap=0.052251, SerializeExportMap=0.053186, SerializeDependencyMap=0.014465, SerializeStringAssetReferenceMap=0.002332, SaveThumbNailsAssetRegistryDataWorldLevelInfo=1.444846, SerializeExports=8.367244, SerializeBulkData=737.067993, MoveFile=4.602801, UnaccountedTime=0.340566, RunGuid=RunID7147BFC44A29325D95E3D094F7456E79
SavePackageTransactionId42DF219444763E4AD2DA4B999A6FE985_2, Filename=../../../../../../Users/danilo/Documents/Unreal Projects/EndlessRunner/Saved/Autosaves/Game/ThirdPersonBP/Blueprints/ThirdPersonCharacter_Auto1.uasset, AutoPackageBackupDelegate=19.794468, FlushAsyncLoading=0.014462, FlushStreamingFunc=0.065781, BlockTillAllRequestsFinished=0.009798, ResetLoadersForSaveUnMarkAllObjects=0.281315, TagPackageExports=6.863613, BeginCacheForCookedPlatformData=0.005130, SerializeImports=8.671422, GatherLocalizableTextData=23.472599, MarkNames=0.084441, SerializeSummary=0.015397, SerializeNames=0.410549, SerializeGatherableTextData=0.162352, BuildExportMap=0.268720, SortExportsNonSeekfree=1.213450, SortExportsSeekfreeConstructor=0.012130, SortExportsSeekfreeInner=23.195013, SortExportsSeekfree=0.007931, BuildDependencyMap=0.091441, SerializeImportMap=0.030324, SerializeExportMap=0.077445, SerializeDependencyMap=0.009332, SerializeStringAssetReferenceMap=0.001866, SaveThumbNailsAssetRegistryDataWorldLevelInfo=13.371725, SerializeExports=13.695031, SerializeBulkData=0.011664, MoveFile=15.952579, UnaccountedTime=1.363203, RunGuid=RunID7147BFC44A29325D95E3D094F7456E79
SavePackageTransactionId42DF219444763E4AD2DA4B999A6FE985_3, Filename=../../../../../../Users/danilo/Documents/Unreal Projects/EndlessRunner/Saved/Autosaves/Game/ThirdPersonBP/Maps/ThirdPersonExampleMap_Auto2.umap, AutoPackageBackupDelegate=21.075562, FlushAsyncLoading=0.046186, FlushStreamingFunc=0.244930, BlockTillAllRequestsFinished=0.022393, ResetLoadersForSaveUnMarkAllObjects=84.981041, TagPackageExports=2.674624, BeginCacheForCookedPlatformData=0.007465, SerializeImports=3.431339, GatherLocalizableTextData=16.733084, MarkNames=0.112902, SerializeSummary=0.020061, SerializeNames=0.642415, SerializeGatherableTextData=0.057381, BuildExportMap=0.458136, SortExportsNonSeekfree=0.728253, SortExportsSeekfreeConstructor=0.073712, SortExportsSeekfreeInner=24.583410, SortExportsSeekfree=0.007000, BuildDependencyMap=1.171458, SerializeImportMap=0.060651, SerializeExportMap=0.055049, SerializeDependencyMap=0.022858, SerializeStringAssetReferenceMap=0.004668, SaveThumbNailsAssetRegistryDataWorldLevelInfo=2.221622, SerializeExports=7.480834, SerializeBulkData=701.328430, MoveFile=5.519070, UnaccountedTime=0.436671, RunGuid=RunID7147BFC44A29325D95E3D094F7456E79
SavePackageTransactionId42DF219444763E4AD2DA4B999A6FE985_4, Filename=../../../../../../Users/danilo/Documents/Unreal Projects/EndlessRunner/Saved/Autosaves/Game/ThirdPersonBP/Blueprints/ThirdPersonCharacter_Auto2.uasset, AutoPackageBackupDelegate=8.021079, FlushAsyncLoading=0.013527, FlushStreamingFunc=0.062518, BlockTillAllRequestsFinished=0.009798, ResetLoadersForSaveUnMarkAllObjects=0.274319, TagPackageExports=13.525214, BeginCacheForCookedPlatformData=0.006065, SerializeImports=13.279818, GatherLocalizableTextData=23.906473, MarkNames=0.106372, SerializeSummary=0.016328, SerializeNames=0.402618, SerializeGatherableTextData=0.174947, BuildExportMap=0.286918, SortExportsNonSeekfree=2.133913, SortExportsSeekfreeConstructor=0.014462, SortExportsSeekfreeInner=29.365826, SortExportsSeekfree=0.007931, BuildDependencyMap=0.139028, SerializeImportMap=0.020996, SerializeExportMap=0.076976, SerializeDependencyMap=0.040121, SerializeStringAssetReferenceMap=0.003267, SaveThumbNailsAssetRegistryDataWorldLevelInfo=11.760790, SerializeExports=18.900126, SerializeBulkData=0.011194, MoveFile=5.481746, UnaccountedTime=0.388622, RunGuid=RunID7147BFC44A29325D95E3D094F7456E79
SavePackageTransactionId42DF219444763E4AD2DA4B999A6FE985_5, Filename=../../../../../../Users/danilo/Documents/Unreal Projects/EndlessRunner/Content/ThirdPersonBP/Maps/ThirdPersonExampleMap.umap, AutoPackageBackupDelegate=24.733633, FlushAsyncLoading=0.016797, FlushStreamingFunc=0.086773, BlockTillAllRequestsFinished=0.042923, ResetLoadersForSaveUnMarkAllObjects=81.758240, TagPackageExports=2.756733, BeginCacheForCookedPlatformData=0.006065, SerializeImports=3.478926, GatherLocalizableTextData=15.452456, MarkNames=0.136226, SerializeSummary=0.025660, SerializeNames=0.927933, SerializeGatherableTextData=0.067178, BuildExportMap=0.827163, SortExportsNonSeekfree=1.137868, SortExportsSeekfreeConstructor=0.105903, SortExportsSeekfreeInner=24.584345, SortExportsSeekfree=0.007465, BuildDependencyMap=0.236530, SerializeImportMap=0.076976, SerializeExportMap=0.077445, SerializeDependencyMap=0.014462, SerializeStringAssetReferenceMap=0.002801, SaveThumbNailsAssetRegistryDataWorldLevelInfo=2.029412, SerializeExports=12.419998, SerializeBulkData=735.590027, MoveFile=6.592557, UnaccountedTime=5.841907, RunGuid=RunID7147BFC44A29325D95E3D094F7456E79
SavePackageTransactionId42DF219444763E4AD2DA4B999A6FE985_6, Filename=../../../../../../Users/danilo/Documents/Unreal Projects/EndlessRunner/Content/ThirdPersonBP/Blueprints/ThirdPersonCharacter.uasset, AutoPackageBackupDelegate=6.532375, FlushAsyncLoading=0.014465, FlushStreamingFunc=0.072777, BlockTillAllRequestsFinished=0.008862, ResetLoadersForSaveUnMarkAllObjects=0.285987, TagPackageExports=13.203773, BeginCacheForCookedPlatformData=0.005599, SerializeImports=17.946533, GatherLocalizableTextData=15.012518, MarkNames=0.114769, SerializeSummary=0.017259, SerializeNames=0.460468, SerializeGatherableTextData=0.156753, BuildExportMap=0.305112, SortExportsNonSeekfree=3.467262, SortExportsSeekfreeConstructor=0.090975, SortExportsSeekfreeInner=30.426714, SortExportsSeekfree=0.008401, BuildDependencyMap=0.147421, SerializeImportMap=0.024259, SerializeExportMap=0.075113, SerializeDependencyMap=0.019126, SerializeStringAssetReferenceMap=0.002801, SaveThumbNailsAssetRegistryDataWorldLevelInfo=13.130993, SerializeExports=20.992517, SerializeBulkData=0.012599, MoveFile=6.663933, UnaccountedTime=5.973935, RunGuid=RunID7147BFC44A29325D95E3D094F7456E79
